{"cameraMode":{"drawMode":0,"name":"Shaded","section":"Shading Mode"},"sceneLighting":false,"audioPlay":false,"sceneViewState":{"m_AlwaysRefresh":false,"showFog":true,"showSkybox":false,"showFlares":true,"showImageEffects":true,"showParticleSystems":true,"showVisualEffectGraphs":true,"m_FxEnabled":false},"in2DMode":false,"pivot":{"x":-0.20443394780158997,"y":-0.24199999868869782,"z":0.8410000205039978},"rotation":{"x":-0.14590835571289063,"y":-0.10751131922006607,"z":0.01595277525484562,"w":-0.9833112359046936},"size":0.24494898319244386,"orthographic":false}