{"cameraMode":{"drawMode":0,"name":"Shaded","section":"Shading Mode"},"sceneLighting":true,"audioPlay":false,"sceneViewState":{"m_AlwaysRefresh":false,"showFog":true,"showSkybox":true,"showFlares":true,"showImageEffects":true,"showParticleSystems":true,"showVisualEffectGraphs":true,"m_FxEnabled":false},"in2DMode":false,"pivot":{"x":-2.0050342082977297,"y":-1.2280323505401612,"z":1.4742980003356934},"rotation":{"x":-0.20931458473205567,"y":0.40924543142318728,"z":-0.0970367044210434,"w":-0.8827792406082153},"size":3.3216450214385988,"orthographic":false}